Pole_ID,Location,Pole_Age_Years,Material,Last_Maintenance_Months,Feeder_Line
POL-GOV-501,Civil Lines Ward,14,Cast Iron,22,Line-A (High Voltage)
POL-GOV-502,Itwari Main Market,4,Galvanized Steel,3,Line-B (Standard)
POL-GOV-503,Sitabuldi Square,16,Cast Iron,28,Line-A (High Voltage)
POL-GOV-504,Sadar Bazar Zone,9,Galvanized Steel,12,Line-C (Commercial)
POL-GOV-505,Dharampeth Extension,2,Aluminum,1,Line-D (Residential)
POL-GOV-506,Laxmi Nagar Chowk,13,Cast Iron,19,Line-B (Standard)
POL-GOV-507,Pratap Nagar Ring Rd,6,Galvanized Steel,8,Line-C (Commercial)
POL-GOV-508,Manish Nagar West,11,Cast Iron,16,Line-A (High Voltage)
POL-GOV-509,Ramdaspeth Main Road,15,Cast Iron,24,Line-E (Industrial)
POL-GOV-510,Hingna T-Point,5,Galvanized Steel,4,Line-B (Standard)
POL-GOV-511,Mahal Katol Road,18,Cast Iron,30,Line-A (High Voltage)
POL-GOV-512,Trimurti Nagar Square,7,Galvanized Steel,9,Line-D (Residential)
POL-GOV-513,Bajaj Nagar Central,10,Cast Iron,14,Line-C (Commercial)
POL-GOV-514,Nandanvan Colony,3,Aluminum,2,Line-D (Residential)
POL-GOV-515,Reshimbaug Ground,12,Cast Iron,18,Line-B (Standard)